int3395,ultimategame,peter,proposer(10),richard,responder(10),e(offernum(4#richard))
int3395,ultimategame,richard,responder(10),peter,proposer(10),e(acceptornot(accept#4))
int6987,ultimategame,peter,proposer(10),richard,responder(10),e(offernum(6#richard))
int6987,ultimategame,richard,responder(10),peter,proposer(10),e(acceptornot(reject#6))
int2300,ultimategame,peter,proposer(10),richard,responder(10),e(offernum(8#richard))
int0611,ultimategame,peter,proposer(10),richard,responder(10),e(offernum(6#richard))
int0611,ultimategame,richard,responder(10),peter,proposer(10),e(acceptornot(accept#6))
int2442,ultimategame,peter,proposer(10),richard,responder(10),e(offernum(3#richard))
int2442,ultimategame,richard,responder(10),peter,proposer(10),e(acceptornot(accept#3))
int0696,trustgame_simple,ellen,investor(10#3),ted,trustee(3),e(invest(1#ted))
int0696,trustgame_simple,ted,trustee(3),ellen,investor(10#3),e(repay(2#ellen))
int2604,trustgame_simple,ellen,investor(10#3),ted,trustee(3),e(invest(1#ted))
int2604,trustgame_simple,ted,trustee(3),ellen,investor(10#3),e(repay(2#ellen))
int6684,trustgame_simple,ellen,investor(10#3),ted,trustee(3),e(invest(9#ted))
int6684,trustgame_simple,ted,trustee(3),ellen,investor(10#3),e(repay(3#ellen))
int5124,ultimategame,peter,proposer(10),richard,responder(10),e(offernum(4#richard))
int5124,ultimategame,richard,responder(10),peter,proposer(10),e(acceptornot(accept#4))
int4591,ultimategame,peter,proposer(10),richard,responder(10),e(offernum(7#richard))
int4591,ultimategame,richard,responder(10),peter,proposer(10),e(acceptornot(accept#7))
int8079,ultimategame,peter,proposer(10),richard,responder(10),e(offernum(9#richard))
int8079,ultimategame,richard,responder(10),peter,proposer(10),e(acceptornot(reject#9))
int8431,ultimategame,peter,proposer(10),richard,responder(10),e(offernum(7#richard))
int8431,ultimategame,richard,responder(10),peter,proposer(10),e(acceptornot(accept#7))
int9104,ultimategame,peter,proposer(10),richard,responder(10),e(offernum(7#richard))
int9104,ultimategame,richard,responder(10),peter,proposer(10),e(acceptornot(accept#7))
int7732,ultimategame,peter,proposer(10),richard,responder(10),e(offernum(7#richard))
int7851,ultimategame,peter,proposer(10),richard,responder(10),e(offernum(7#richard))
int7732,ultimategame,richard,responder(10),peter,proposer(10),e(acceptornot(accept#7))
int7851,ultimategame,richard,responder(10),peter,proposer(10),e(acceptornot(reject#7))
int3214,ultimategame,peter,proposer(10),richard,responder(10),e(offernum(9#richard))
int3214,ultimategame,richard,responder(10),peter,proposer(10),e(acceptornot(reject#9))
int4588,ultimategame,peter,proposer(10),richard,responder(10),e(offernum(8#richard))
int4588,ultimategame,richard,responder(10),peter,proposer(10),e(acceptornot(accept#8))
int3444,ultimategame,peter,proposer(10),richard,responder(10),e(offernum(8#richard))
int3444,ultimategame,richard,responder(10),peter,proposer(10),e(acceptornot(accept#8))
int4931,ultimategame,peter,proposer(10),richard,responder(10),e(offernum(3#richard))
int4931,ultimategame,richard,responder(10),peter,proposer(10),e(acceptornot(reject#3))
int1982,trustgame_simple,ellen,investor(10#3),ted,trustee(3),e(invest(9#ted))
int1982,trustgame_simple,ted,trustee(3),ellen,investor(10#3),e(repay(27#ellen))
int3793,trustgame_simple,ellen,investor(10#3),ted,trustee(3),e(invest(4#ted))
int1983,trustgame_simple,ellen,investor(10#3),ted,trustee(3),e(invest(2#ted))
int1983,trustgame_simple,ted,trustee(3),ellen,investor(10#3),e(repay(2#ellen))
int2476,trustgame_simple,ellen,investor(10#3),ted,trustee(3),e(invest(8#ted))
int2476,trustgame_simple,ted,trustee(3),ellen,investor(10#3),e(repay(6#ellen))
int3576,trustgame_simple,ellen,investor(10#3),ted,trustee(3),e(invest(8#ted))
int3576,trustgame_simple,ted,trustee(3),ellen,investor(10#3),e(repay(1#ellen))
int9501,trustgame_simple,ellen,investor(10#3),ted,trustee(3),e(invest(4#ted))
int9501,trustgame_simple,ted,trustee(3),ellen,investor(10#3),e(repay(8#ellen))
int5956,trustgame_simple,ellen,investor(10#3),ted,trustee(10#3),e(invest(8#ted))
int5956,trustgame_simple,ted,trustee(10#3),ellen,investor(10#3),e(repay(17#ellen))
int6399,trustgame_simple,ellen,investor(10#3),ted,trustee(10#3),e(invest(2#ted))
int6399,trustgame_simple,ted,trustee(10#3),ellen,investor(10#3),e(repay(2#ellen))
int0720,ultimategame,peter,proposer(10),richard,responder(10),e(offernum(3#richard))
int0720,ultimategame,richard,responder(10),peter,proposer(10),e(acceptornot(accept#3))
int4296,ultimategame,peter,proposer(10),richard,responder(10),e(offernum(3#richard))
int4296,ultimategame,richard,responder(10),peter,proposer(10),e(acceptornot(reject#3))
int9656,ultimategame,peter,proposer(10),richard,responder(10),e(offernum(8#richard))
int9656,ultimategame,richard,responder(10),peter,proposer(10),e(acceptornot(accept#8))
int4097,ultimategame,peter,proposer(10),richard,responder(10),e(offernum(1#richard))
int4097,ultimategame,richard,responder(10),peter,proposer(10),e(acceptornot(reject#1))
int1968,ultimategame,peter,proposer(10),richard,responder(10),e(offernum(5#richard))
int1968,ultimategame,richard,responder(10),peter,proposer(10),e(acceptornot(reject#5))
int6337,ultimategame,peter,proposer(10),richard,responder(10),e(offernum(4#richard))
int6337,ultimategame,richard,responder(10),peter,proposer(10),e(acceptornot(reject#4))
int1537,ultimategame,peter,proposer(10),richard,responder(10),e(offernum(7#richard))
int1537,ultimategame,richard,responder(10),peter,proposer(10),e(acceptornot(reject#7))
int3927,ultimategame,peter,proposer(10),richard,responder(10),e(offernum(8#richard))
int3927,ultimategame,richard,responder(10),peter,proposer(10),e(acceptornot(accept#8))
int6182,ultimategame,peter,proposer(10),richard,responder(10),e(offernum(4#richard))
int6182,ultimategame,richard,responder(10),peter,proposer(10),e(acceptornot(reject#4))
int6369,trustgame_simple,ellen,investor(10#3),ted,trustee(10#3),e(invest(9#ted))
int6369,trustgame_simple,ted,trustee(10#3),ellen,investor(10#3),e(repay(17#ellen))
int3716,trustgame_simple,ellen,investor(10#3),ted,trustee(10#3),e(invest(7#ted))
int3716,trustgame_simple,ted,trustee(10#3),ellen,investor(10#3),e(repay(12#ellen))
int4710,trustgame_simple,ellen,investor(10#3),ted,trustee(10#3),e(invest(9#ted))
int4710,trustgame_simple,ted,trustee(10#3),ellen,investor(10#3),e(repay(2#ellen))
int8500,trustgame_simple,ellen,investor(10#3),ted,trustee(10#3),e(invest(9#ted))
int8500,trustgame_simple,ted,trustee(10#3),ellen,investor(10#3),e(repay(2#ellen))
int7139,ultimategame,peter,proposer(10),richard,responder(10),e(offernum(8#richard))
int7266,ultimategame,peter,proposer(10),richard,responder(10),e(offernum(8#richard))
int0933,ultimategame,peter,proposer(10),richard,responder(10),e(offernum(2#richard))
int8487,ultimategame,peter,proposer(10),richard,responder(10),e(offernum(9#richard))
int1721,ultimategame,peter,proposer(10),richard,responder(10),e(offernum(8#richard))
int0217,trustgame_simple,ellen,investor(10#3),ted,trustee(10#3),e(invest(3#ted))
int0217,trustgame_simple,ted,trustee(10#3),ellen,investor(10#3),e(repay(4#ellen))
int5750,trustgame_simple,ellen,investor(10#3),ted,trustee(10#3),e(invest(2#ted))
int5750,trustgame_simple,ted,trustee(10#3),ellen,investor(10#3),e(repay(5#ellen))
int0383,trustgame_simple,ellen,investor(10#3),ted,trustee(10#3),e(invest(1#ted))
int0383,trustgame_simple,ted,trustee(10#3),ellen,investor(10#3),e(repay(3#ellen))
int4948,trustgame_simple,ellen,investor(10#3),ted,trustee(10#3),e(invest(2#ted))
int4948,trustgame_simple,ted,trustee(10#3),ellen,investor(10#3),e(repay(3#ellen))
int7767,trustgame_simple,ellen,investor(10#3),ted,trustee(10#3),e(invest(7#ted))
int7767,trustgame_simple,ted,trustee(10#3),ellen,investor(10#3),e(repay(1#ellen))
int7470,trustgame_simple,ellen,investor(10#3),ted,trustee(10#3),e(invest(7#ted))
int2732,trustgame_simple,ellen,investor(10#3),ted,trustee(10#3),e(invest(5#ted))
int2732,trustgame_simple,ted,trustee(10#3),ellen,investor(10#3),e(repay(11#ellen))
int9890,ultimategame,peter,proposer(10),richard,responder(10),e(offernum(10#richard))
int9890,ultimategame,richard,responder(10),peter,proposer(10),e(acceptornot(accept#10))
int4969,ultimategame,peter,proposer(10),richard,responder(10),e(offernum(9#richard))
int4969,ultimategame,richard,responder(10),peter,proposer(10),e(acceptornot(reject#9))
int5364,ultimategame,peter,proposer(10),richard,responder(10),e(offernum(9#richard))
int5364,ultimategame,richard,responder(10),peter,proposer(10),e(acceptornot(reject#9))
int6463,ultimategame,peter,proposer(10),richard,responder(10),e(offernum(9#richard))
int6463,ultimategame,richard,responder(10),peter,proposer(10),e(acceptornot(accept#9))
int9615,trustgame_simple,ellen,investor(10#3),ted,trustee(10#3),e(invest(9#ted))
int9615,trustgame_simple,ted,trustee(10#3),ellen,investor(10#3),e(repay(4#ellen))
int9904,trustgame_simple,ellen,investor(10#3),ted,trustee(10#3),e(invest(3#ted))
int3345,trustgame_simple,ellen,investor(10#3),ted,trustee(10#3),e(invest(4#ted))
int5739,trustgame_simple,ellen,investor(10#3),ted,trustee(10#3),e(invest(8#ted))
int3776,trustgame_simple,ellen,investor(10#3),ted,trustee(10#3),e(invest(10#ted))
int3776,trustgame_simple,ted,trustee(10#3),ellen,investor(10#3),e(repay(1#ellen))
int1391,trustgame_simple,ellen,investor(10#3),ted,trustee(10#3),e(invest(6#ted))
int1364,trustgame_simple,ellen,investor(10#3),ted,trustee(10#3),e(invest(3#ted))
int1149,trustgame_simple,ellen,investor(10#3),ted,trustee(10#3),e(invest(6#ted))
int0171,trustgame_simple,ellen,investor(10#3),ted,trustee(10#3),e(invest(7#ted))
int6437,trustgame_simple,ellen,investor(10#3),ted,trustee(10#3),e(invest(9#ted))
int8431,trustgame_simple,ellen,investor(10#3),ted,trustee(10#3),e(invest(5#ted))
int8865,trustgame_simple,ellen,investor(10#3),ted,trustee(10#3),e(invest(10#ted))
,trustgame_simple,ted,trustee(10#3),ellen,investor(10#3),e(repay(#ellen))
int1457,trustgame_simple,ellen,investor(10#3),ted,trustee(10#3),e(invest(2#ted))
,trustgame_simple,ted,trustee(10#3),ellen,investor(10#3),e(repay(#ellen))
int8078,trustgame_simple,ellen,investor(10#3),ted,trustee(10#3),e(invest(6#ted))
,trustgame_simple,ted,trustee(10#3),ellen,investor(10#3),e(repay(#ellen))
int4001,trustgame_simple,ellen,investor(10#3),ted,trustee(10#3),e(invest(7#ted))
int9998,trustgame_simple,ellen,investor(10#3),ted,trustee(10#3),e(invest(8#ted))
int3862,trustgame_simple,ellen,investor(10#3),ted,trustee(10#3),e(invest(1#ted))
int1025,trustgame_simple,ellen,investor(10#3),ted,trustee(10#3),e(invest(4#ted))
int7801,trustgame_simple,ellen,investor(10#3),ted,trustee(10#3),e(invest(8#ted))
int5997,trustgame_simple,ellen,investor(10#3),ted,trustee(10#3),e(invest(10#ted))
int6073,trustgame_simple,ellen,investor(10#3),ted,trustee(10#3),e(invest(10#ted))
int9487,trustgame_simple,ellen,investor(10#3),ted,trustee(10#3),e(invest(5#ted))
,trustgame_simple,ted,trustee(10#3),ellen,investor(10#3),e(repay(#ellen))
int3263,trustgame_simple,ellen,investor(10#3),ted,trustee(10#3),e(invest(3#ted))
int5258,trustgame_simple,ellen,investor(10#3),ted,trustee(10#3),e(invest(6#ted))
int0952,trustgame_simple,ellen,investor(10#3),ted,trustee(10#3),e(invest(8#ted))
int3183,trustgame_simple,ellen,investor(10#3),ted,trustee(10#3),e(invest(2#ted))
,trustgame_simple,ted,trustee(10#3),ellen,investor(10#3),e(repay(#ellen))
int3674,trustgame_simple,ellen,investor(10#3),ted,trustee(10#3),e(invest(9#ted))
,trustgame_simple,ted,trustee(10#3),ellen,investor(10#3),e(repay(#ellen))
int7571,trustgame_simple,ellen,investor(10#3),ted,trustee(10#3),e(invest(3#ted))
,trustgame_simple,ted,trustee(10#3),ellen,investor(10#3),e(repay(#ellen))
int9970,trustgame_simple,ellen,investor(10#3),ted,trustee(10#3),e(invest(7#ted))
int3300,trustgame_simple,ellen,investor(10#3),ted,trustee(10#3),e(invest(7#ted))
,trustgame_simple,ted,trustee(10#3),ellen,investor(10#3),e(repay(#ellen))
int5441,trustgame_simple,ellen,investor(10#3),ted,trustee(10#3),e(invest(6#ted))
int4232,trustgame_simple,ellen,investor(10#3),ted,trustee(10#3),e(invest(3#ted))
int4232,trustgame_simple,ted,trustee(10#3),ellen,investor(10#3),e(repay(7#ellen))
int5322,trustgame_simple,ellen,investor(10#3),ted,trustee(10#3),e(invest(5#ted))
int8454,trustgame_simple,ellen,investor(10#3),ted,trustee(10#3),e(invest(5#ted))
int8454,trustgame_simple,ted,trustee(10#3),ellen,investor(10#3),e(repay(11#ellen))
int7827,ultimategame,peter,proposer(10),richard,responder(10),e(offernum(7#richard))
int7827,ultimategame,richard,responder(10),peter,proposer(10),e(acceptornot(reject#7))
int9309,trustgame_simple,ellen,investor(10#3),ted,trustee(10#3),e(invest(8#ted))
int9309,trustgame_simple,ted,trustee(10#3),ellen,investor(10#3),e(repay(10#ellen))
int3272,trustgame_simple,ellen,investor(10#3),ted,trustee(10#3),e(invest(1#ted))
int3272,trustgame_simple,ted,trustee(10#3),ellen,investor(10#3),e(repay(1#ellen))
int7085,trustgame_simple,ellen,investor(10#3),ted,trustee(10#3),e(invest(1#ted))
int7085,trustgame_simple,ted,trustee(10#3),ellen,investor(10#3),e(repay(2#ellen))
int7178,trustgame_simple,ellen,investor(10#3),ted,trustee(10#3),e(invest(6#ted))
int7178,trustgame_simple,ted,trustee(10#3),ellen,investor(10#3),e(repay(17#ellen))
int3952,trustgame_simple,ellen,investor(10#3),ted,trustee(10#3),e(invest(9#ted))
int3952,trustgame_simple,ted,trustee(10#3),ellen,investor(10#3),e(repay(23#ellen))
int1288,ultimategame,peter,proposer(10),richard,responder(10),e(offernum(8#richard))
int1288,ultimategame,richard,responder(10),peter,proposer(10),e(acceptornot(reject#8))
int4408,trustgame_simple,ellen,investor(10#3),ted,trustee(10#3),e(invest(8#ted))
int4408,trustgame_simple,ted,trustee(10#3),ellen,investor(10#3),e(repay(15#ellen))
int9553,trustgame_simple,ellen,investor(10#3),ted,trustee(10#3),e(invest(8#ted))
int9553,trustgame_simple,ted,trustee(10#3),ellen,investor(10#3),e(repay(4#ellen))
int2100,trustgame_simple,ellen,investor(10#3),ted,trustee(10#3),e(invest(10#ted))
int2100,trustgame_simple,ted,trustee(10#3),ellen,investor(10#3),e(repay(6#ellen))
int0738,trustgame_simple,ellen,investor(10#3),ted,trustee(10#3),e(invest(2#ted))
int0738,trustgame_simple,ted,trustee(10#3),ellen,investor(10#3),e(repay(5#ellen))
int7248,trustgame_simple,ellen,investor(10#3),ted,trustee(10#3),e(invest(2#ted))
int2398,trustgame_simple,ellen,investor(10#3),ted,trustee(10#3),e(invest(3#ted))
int2398,trustgame_simple,ted,trustee(10#3),ellen,investor(10#3),e(repay(1#ellen))
int9775,ultimategame,peter,proposer(10),richard,responder(10),e(offernum(5#richard))
int9775,ultimategame,richard,responder(10),peter,proposer(10),e(acceptornot(accept#5))
int2802,ultimategame,peter,proposer(10),richard,responder(10),e(offernum(1#richard))
int2802,ultimategame,richard,responder(10),peter,proposer(10),e(acceptornot(accept#1))
int7358,ultimategame,peter,proposer(10),richard,responder(10),e(offernum(6#richard))
int7358,ultimategame,richard,responder(10),peter,proposer(10),e(acceptornot(reject#6))
int6421,ultimategame,peter,proposer(10),richard,responder(10),e(offernum(7#richard))
int6421,ultimategame,richard,responder(10),peter,proposer(10),e(acceptornot(reject#7))
int4544,ultimategame,peter,proposer(10),richard,responder(10),e(offernum(1#richard))
int4544,ultimategame,richard,responder(10),peter,proposer(10),e(acceptornot(reject#1))
int4447,ultimategame,peter,proposer(10),richard,responder(10),e(offernum(10#richard))
int4447,ultimategame,richard,responder(10),peter,proposer(10),e(acceptornot(reject#10))
int8613,ultimategame,peter,proposer(10),richard,responder(10),e(offernum(7#richard))
int8613,ultimategame,richard,responder(10),peter,proposer(10),e(acceptornot(reject#7))
int9933,ultimategame,peter,proposer(10),richard,responder(10),e(offernum(9#richard))
int9933,ultimategame,richard,responder(10),peter,proposer(10),e(acceptornot(reject#9))
int7435,ultimategame,peter,proposer(10),richard,responder(10),e(offernum(10#richard))
int7435,ultimategame,richard,responder(10),peter,proposer(10),e(acceptornot(accept#10))
int0954,trustgame_simple,ellen,investor(10#3),ted,trustee(10#3),e(invest(1#ted))
int0954,trustgame_simple,ted,trustee(10#3),ellen,investor(10#3),e(repay(2#ellen))
int8046,trustgame_simple,ellen,investor(10#3),ted,trustee(10#3),e(invest(6#ted))
int8046,trustgame_simple,ted,trustee(10#3),ellen,investor(10#3),e(repay(6#ellen))
int7776,trustgame_simple,ellen,investor(10#3),ted,trustee(10#3),e(invest(5#ted))
int7776,trustgame_simple,ted,trustee(10#3),ellen,investor(10#3),e(repay(9#ellen))
int1214,trustgame_simple,ellen,investor(10#3),ted,trustee(10#3),e(invest(8#ted))
int1214,trustgame_simple,ted,trustee(10#3),ellen,investor(10#3),e(repay(17#ellen))
int9700,trustgame_simple,ellen,investor(10#3),ted,trustee(10#3),e(invest(5#ted))
int9700,trustgame_simple,ted,trustee(10#3),ellen,investor(10#3),e(repay(2#ellen))
int3878,trustgame_simple,ellen,investor(10#3),ted,trustee(10#3),e(invest(5#ted))
int3878,trustgame_simple,ted,trustee(10#3),ellen,investor(10#3),e(repay(10#ellen))
int2929,ultimategame,peter,proposer(10),richard,responder(10),e(offernum(7#richard))
int2929,ultimategame,richard,responder(10),peter,proposer(10),e(acceptornot(reject#7))
int5504,ultimategame,peter,proposer(10),richard,responder(10),e(offernum(8#richard))
int5504,ultimategame,richard,responder(10),peter,proposer(10),e(acceptornot(reject#8))
int2367,trustgame_simple,ellen,investor(10#3),ted,trustee(10#3),e(invest(4#ted))
int2367,trustgame_simple,ted,trustee(10#3),ellen,investor(10#3),e(repay(8#ellen))
int5004,trustgame_simple,ellen,investor(10#3),ted,trustee(10#3),e(invest(7#ted))
int5004,trustgame_simple,ted,trustee(10#3),ellen,investor(10#3),e(repay(10#ellen))
int9869,ultimategame,peter,proposer(10),richard,responder(10),e(offernum(9#richard))
int9869,ultimategame,richard,responder(10),peter,proposer(10),e(acceptornot(accept#9))
int0796,ultimategame,peter,proposer(10),richard,responder(10),e(offernum(5#richard))
int0796,ultimategame,richard,responder(10),peter,proposer(10),e(acceptornot(reject#5))
int1194,ultimategame,peter,proposer(10),richard,responder(10),e(offernum(6#richard))
int1194,ultimategame,richard,responder(10),peter,proposer(10),e(acceptornot(accept#6))
int5922,ultimategame,peter,proposer(10),richard,responder(10),e(offernum(9#richard))
int5922,ultimategame,richard,responder(10),peter,proposer(10),e(acceptornot(accept#9))
int0813,trustgame_simple,ellen,investor(10#3),ted,trustee(10#3),e(invest(10#ted))
int0813,trustgame_simple,ted,trustee(10#3),ellen,investor(10#3),e(repay(13#ellen))
int7582,trustgame_simple,ellen,investor(10#3),ted,trustee(10#3),e(invest(2#ted))
int7582,trustgame_simple,ted,trustee(10#3),ellen,investor(10#3),e(repay(6#ellen))
int0446,trustgame_simple,ellen,investor(10#3),ted,trustee(10#3),e(invest(5#ted))
int0446,trustgame_simple,ted,trustee(10#3),ellen,investor(10#3),e(repay(1#ellen))
int9560,ultimategame,peter,proposer(10),richard,responder(10),e(offernum(6#richard))
int9560,ultimategame,richard,responder(10),peter,proposer(10),e(acceptornot(accept#6))
int3745,trustgame_simple,ellen,investor(10#3),ted,trustee(10#3),e(invest(2#ted))
int3745,trustgame_simple,ted,trustee(10#3),ellen,investor(10#3),e(repay(1#ellen))
int2330,ultimategame,peter,proposer(10),richard,responder(10),e(offernum(2#richard))
int2330,ultimategame,richard,responder(10),peter,proposer(10),e(acceptornot(accept#2))
int3802,trustgame_simple,ellen,investor(10#3),ted,trustee(10#3),e(invest(9#ted))
int3802,trustgame_simple,ted,trustee(10#3),ellen,investor(10#3),e(repay(1#ellen))
int4648,trustgame_simple,ellen,investor(10#3),ted,trustee(10#3),e(invest(6#ted))
int4648,trustgame_simple,ted,trustee(10#3),ellen,investor(10#3),e(repay(1#ellen))
int6693,ultimategame,peter,proposer(10),richard,responder(10),e(offernum(4#richard))
int6693,ultimategame,richard,responder(10),peter,proposer(10),e(acceptornot(accept#4))
int6686,trustgame_simple,ellen,investor(10#3),ted,trustee(10#3),e(invest(4#ted))
int6686,trustgame_simple,ted,trustee(10#3),ellen,investor(10#3),e(repay(1#ellen))
int7563,trustgame_simple,ellen,investor(10#3),ted,trustee(10#3),e(invest(9#ted))
int7563,trustgame_simple,ted,trustee(10#3),ellen,investor(10#3),e(repay(1#ellen))
int0434,ultimategame,peter,proposer(10),richard,responder(10),e(offernum(9#richard))
int0434,ultimategame,richard,responder(10),peter,proposer(10),e(acceptornot(accept#9))
int4361,trustgame_simple,ellen,investor(10#3),ted,trustee(10#3),e(invest(8#ted))
int4361,trustgame_simple,ted,trustee(10#3),ellen,investor(10#3),e(repay(1#ellen))
int4572,trustgame_simple,ellen,investor(10#3),ted,trustee(10#3),e(invest(5#ted))
int4572,trustgame_simple,ted,trustee(10#3),ellen,investor(10#3),e(repay(1#ellen))
int0246,trustgame_simple,ellen,investor(10#3),ted,trustee(10#3),e(invest(5#ted))
int0246,trustgame_simple,ted,trustee(10#3),ellen,investor(10#3),e(repay(1#ellen))
int7983,trustgame_simple,ellen,investor(10#3),ted,trustee(10),e(invest(5#ted))
int7983,trustgame_simple,ted,trustee(10),ellen,investor(10#3),e(repay(1#ellen))
int6084,trustgame_simple,ellen,investor(10#3),ted,trustee(10),e(invest(5#ted))
int6084,trustgame_simple,ted,trustee(10),ellen,investor(10#3),e(repay(1#ellen))
int3872,trustgame_simple,ellen,investor(10#3),ted,trustee(3),e(invest(3#ted))
int3872,trustgame_simple,ted,trustee(3),ellen,investor(10#3),e(repay(1#ellen))
int3753,trustgame_simple,ellen,investor(10#3),ted,trustee(3),e(invest(10#ted))
int3753,trustgame_simple,ted,trustee(3),ellen,investor(10#3),e(repay(8#ellen))
int8156,ultimategame,peter,proposer(10),richard,responder(10),e(offernum(3#richard))
int8156,ultimategame,richard,responder(10),peter,proposer(10),e(acceptornot(reject#3))
int7230,ultimategame,peter,proposer(10),richard,responder(10),e(offernum(7#richard))
int7230,ultimategame,richard,responder(10),peter,proposer(10),e(acceptornot(accept#7))
int0623,trustgame_simple,ellen,investor(10#3),ted,trustee(3),e(invest(2#ted))
int0623,trustgame_simple,ted,trustee(3),ellen,investor(10#3),e(repay(1#ellen))
int4493,ultimategame,peter,proposer(10),richard,responder(10),e(offernum(3#richard))
int4493,ultimategame,richard,responder(10),peter,proposer(10),e(acceptornot(reject#3))
int9927,trustgame_simple,ellen,investor(10#3),ted,trustee(3),e(invest(5#ted))
int9927,trustgame_simple,ted,trustee(3),ellen,investor(10#3),e(repay(1#ellen))
int9927,trustgame_simple,ted,trustee(3),ellen,investor(10#3),e(repay(1#ellen))
int0824,trustgame_simple,ellen,investor(10#3),ted,trustee(3),e(invest(8#ted))
int0824,trustgame_simple,ted,trustee(3),ellen,investor(10#3),e(repay(1#ellen))
int6611,trustgame_simple,ellen,investor(10#3),ted,trustee(3),e(invest(7#ted))
int6611,trustgame_simple,ted,trustee(3),ellen,investor(10#3),e(repay(1#ellen))
int3822,trustgame_simple,ellen,investor(10#3),ted,trustee(3),e(invest(9#ted))
int3822,trustgame_simple,ted,trustee(3),ellen,investor(10#3),e(repay(1#ellen))
int3451,trustgame_simple,ellen,investor(10#3),ted,trustee(3),e(invest(2#ted))
int3451,trustgame_simple,ted,trustee(3),ellen,investor(10#3),e(repay(3#ellen))
int6334,trustgame_simple,ellen,investor(10#3),ted,trustee(3),e(invest(10#ted))
int6334,trustgame_simple,ted,trustee(3),ellen,investor(10#3),e(repay(3#ellen))
int0829,trustgame_simple,ellen,investor(10#3),ted,trustee(3),e(invest(8#ted))
int0829,trustgame_simple,ted,trustee(3),ellen,investor(10#3),e(repay(5#ellen))
int3465,ultimategame,peter,proposer(10),richard,responder(10),e(offernum(10#richard))
int3465,ultimategame,richard,responder(10),peter,proposer(10),e(acceptornot(reject#10))
int9150,ultimategame,peter,proposer(10),richard,responder(10),e(offernum(9#richard))
int9150,ultimategame,richard,responder(10),peter,proposer(10),e(acceptornot(accept#9))
int4811,ultimategame,peter,proposer(10),richard,responder(10),e(offernum(5#richard))
int4811,ultimategame,richard,responder(10),peter,proposer(10),e(acceptornot(accept#5))
int7059,trustgame_simple,ellen,investor(10#3),ted,trustee(3),e(invest(4#ted))
int7059,trustgame_simple,ted,trustee(3),ellen,investor(10#3),e(repay(1#ellen))
int7617,ultimategame,peter,proposer(10),richard,responder(10),e(offernum(4#richard))
int7617,ultimategame,richard,responder(10),peter,proposer(10),e(acceptornot(reject#4))
int2089,ultimategame,peter,proposer(10),richard,responder(10),e(offernum(2#richard))
int2089,ultimategame,richard,responder(10),peter,proposer(10),e(acceptornot(reject#2))
int6091,trustgame_simple,ellen,investor(10#3),ted,trustee(3),e(invest(1#ted))
int6091,trustgame_simple,ted,trustee(3),ellen,investor(10#3),e(repay(1#ellen))
int6866,ultimategame,peter,proposer(10),richard,responder(10),e(offernum(8#richard))
int6866,ultimategame,richard,responder(10),peter,proposer(10),e(acceptornot(reject#8))
int0335,ultimategame,peter,proposer(10),richard,responder(10),e(offernum(3#richard))
int0335,ultimategame,richard,responder(10),peter,proposer(10),e(acceptornot(reject#3))
int0358,trustgame_simple,ellen,investor(10#3),ted,trustee(3),e(invest(9#ted))
int0358,trustgame_simple,ted,trustee(3),ellen,investor(10#3),e(repay(26#ellen))
int9603,trustgame_simple,ellen,investor(10#3),ted,trustee(3),e(invest(7#ted))
int9603,trustgame_simple,ted,trustee(3),ellen,investor(10#3),e(repay(16#ellen))
int3882,ultimategame,peter,proposer(10),richard,responder(10),e(offernum(9#richard))
int3882,ultimategame,richard,responder(10),peter,proposer(10),e(acceptornot(reject#9))
int3957,ultimategame,peter,proposer(10),richard,responder(10),e(offernum(3#richard))
int3957,ultimategame,richard,responder(10),peter,proposer(10),e(acceptornot(reject#3))
int0177,trustgame_simple,ellen,investor(10#3),ted,trustee(3),e(invest(4#ted))
int0177,trustgame_simple,ted,trustee(3),ellen,investor(10#3),e(repay(8#ellen))
int7810,trustgame_simple,ellen,investor(10#3),ted,trustee(3),e(invest(5#ted))
int7810,trustgame_simple,ted,trustee(3),ellen,investor(10#3),e(repay(4#ellen))
int9624,trustgame_simple,ellen,investor(10#3),ted,trustee(3),e(invest(6#ted))
int9624,trustgame_simple,ted,trustee(3),ellen,investor(10#3),e(repay(9#ellen))
int4439,trustgame_simple,ellen,investor(10#3),ted,trustee(3),e(invest(6#ted))
int4439,trustgame_simple,ted,trustee(3),ellen,investor(10#3),e(repay(7#ellen))
int6506,trustgame_simple,ellen,investor(10#3),ted,trustee(3),e(invest(1#ted))
int6506,trustgame_simple,ted,trustee(3),ellen,investor(10#3),e(repay(2#ellen))
int7598,trustgame_simple,ellen,investor(10#3),ted,trustee(3),e(invest(6#ted))
int7598,trustgame_simple,ted,trustee(3),ellen,investor(10#3),e(repay(8#ellen))
int5116,trustgame_simple,ellen,investor(10#3),ted,trustee(3),e(invest(7#ted))
int5116,trustgame_simple,ted,trustee(3),ellen,investor(10#3),e(repay(6#ellen))
int8770,ultimategame,peter,proposer(10),richard,responder(10),e(offernum(5#richard))
int8770,ultimategame,richard,responder(10),peter,proposer(10),e(acceptornot(reject#5))
int4491,ultimategame,peter,proposer(10),richard,responder(10),e(offernum(5#richard))
int4491,ultimategame,richard,responder(10),peter,proposer(10),e(acceptornot(accept#5))
int3403,trustgame_simple,ellen,investor(10#3),ted,trustee(3),e(invest(5#ted))
int1688,trustgame_simple,ellen,investor(10#3),ted,trustee(3),e(invest(6#ted))
int8369,trustgame_simple,ellen,investor(10#3),ted,trustee(3),e(invest(1#ted))
int5911,trustgame_simple,ellen,investor(10#3),ted,trustee(3),e(invest(7#ted))
int5911,trustgame_simple,ted,trustee(3),ellen,investor(10#3),e(repay(1#ellen))
int7072,ultimategame,peter,proposer(10),richard,responder(10),e(offernum(6#richard))
int7072,ultimategame,richard,responder(10),peter,proposer(10),e(acceptornot(reject#6))
int4650,ultimategame,peter,proposer(10),richard,responder(10),e(offernum(4#richard))
int4650,ultimategame,richard,responder(10),peter,proposer(10),e(acceptornot(reject#4))
int4744,trustgame_simple,ellen,investor(10#3),ted,trustee(3),e(invest(6#ted))
int4744,trustgame_simple,ted,trustee(3),ellen,investor(10#3),e(repay(10#ellen))
int5606,trustgame_simple,ellen,investor(10#3),ted,trustee(3),e(invest(10#ted))
int5606,trustgame_simple,ted,trustee(3),ellen,investor(10#3),e(repay(7#ellen))
int8688,ultimategame,peter,proposer(10),richard,responder(10),e(offernum(1#richard))
int8688,ultimategame,richard,responder(10),peter,proposer(10),e(acceptornot(accept#1))
int9464,ultimategame,peter,proposer(10),richard,responder(10),e(offernum(4#richard))
int9464,ultimategame,richard,responder(10),peter,proposer(10),e(acceptornot(accept#4))
int6377,trustgame_simple,ellen,investor(10#3),ted,trustee(3),e(invest(1#ted))
int6377,trustgame_simple,ted,trustee(3),ellen,investor(10#3),e(repay(1#ellen))
int6471,trustgame_simple,ellen,investor(10#3),ted,trustee(3),e(invest(5#ted))
int6471,trustgame_simple,ted,trustee(3),ellen,investor(10#3),e(repay(11#ellen))
int1306,trustgame_simple,ellen,investor(10#3),ted,trustee(3),e(invest(10#ted))
int1306,trustgame_simple,ted,trustee(3),ellen,investor(10#3),e(repay(29#ellen))
int5752,ultimategame,peter,proposer(10),richard,responder(10),e(offernum(7#richard))
int5752,ultimategame,richard,responder(10),peter,proposer(10),e(acceptornot(reject#7))
int7476,ultimategame,peter,proposer(10),richard,responder(10),e(offernum(6#richard))
int7476,ultimategame,richard,responder(10),peter,proposer(10),e(acceptornot(accept#6))
int8794,ultimategame,peter,proposer(10),richard,responder(10),e(offernum(6#richard))
int8794,ultimategame,richard,responder(10),peter,proposer(10),e(acceptornot(reject#6))
int3765,ultimategame,peter,proposer(10),richard,responder(10),e(offernum(8#richard))
int7136,trustgame_simple,ellen,investor(10#3),ted,trustee(3),e(invest(5#ted))
int3765,ultimategame,richard,responder(10),peter,proposer(10),e(acceptornot(accept#8))
int7136,trustgame_simple,ted,trustee(3),ellen,investor(10#3),e(repay(1#ellen))
int0148,trustgame_simple,ellen,investor(10#3),ted,trustee(3),e(invest(1#ted))
int0148,trustgame_simple,ted,trustee(3),ellen,investor(10#3),e(repay(1#ellen))
int9431,ultimategame,peter,proposer(10),richard,responder(10),e(offernum(8#richard))
int9245,trustgame_simple,ellen,investor(10#3),ted,trustee(3),e(invest(1#ted))
int9245,trustgame_simple,ted,trustee(3),ellen,investor(10#3),e(repay(3#ellen))
int9431,ultimategame,richard,responder(10),peter,proposer(10),e(acceptornot(accept#8))
int8571,trustgame_simple,ellen,investor(10#3),ted,trustee(3),e(invest(1#ted))
int8571,trustgame_simple,ted,trustee(3),ellen,investor(10#3),e(repay(1#ellen))
int4116,trustgame_simple,ellen,investor(10#3),ted,trustee(3),e(invest(4#ted))
int0844,ultimategame,peter,proposer(10),richard,responder(10),e(offernum(8#richard))
int0583,ultimategame,peter,proposer(10),richard,responder(10),e(offernum(3#richard))
int0583,ultimategame,richard,responder(10),peter,proposer(10),e(acceptornot(reject#3))
int3737,trustgame_simple,ellen,investor(10#3),ted,trustee(3),e(invest(2#ted))
int8810,ultimategame,peter,proposer(10),richard,responder(10),e(offernum(6#richard))
int8810,ultimategame,richard,responder(10),peter,proposer(10),e(acceptornot(reject#6))
int2338,trustgame_simple,ellen,investor(10#3),ted,trustee(3),e(invest(8#ted))
int2338,trustgame_simple,ted,trustee(3),ellen,investor(10#3),e(repay(7#ellen))
int8599,ultimategame,peter,proposer(10),richard,responder(10),e(offernum(3#richard))
int8599,ultimategame,richard,responder(10),peter,proposer(10),e(acceptornot(accept#3))
int7321,trustgame_simple,ellen,investor(10#3),ted,trustee(3),e(invest(1#ted))
int7321,trustgame_simple,ted,trustee(3),ellen,investor(10#3),e(repay(1#ellen))
int6567,trustgame_simple,ellen,investor(10#3),ted,trustee(3),e(invest(1#ted))
int6567,trustgame_simple,ted,trustee(3),ellen,investor(10#3),e(repay(2#ellen))
int7531,trustgame_simple,ellen,investor(10#3),ted,trustee(3),e(invest(4#ted))
int7531,trustgame_simple,ted,trustee(3),ellen,investor(10#3),e(repay(7#ellen))
int2636,trustgame_simple,ellen,investor(10#3),ted,trustee(3),e(invest(2#ted))
int2636,trustgame_simple,ted,trustee(3),ellen,investor(10#3),e(repay(6#ellen))
int9883,trustgame_simple,ellen,investor(10#3),ted,trustee(3),e(invest(7#ted))
int9883,trustgame_simple,ted,trustee(3),ellen,investor(10#3),e(repay(8#ellen))
int4729,ultimategame,peter,proposer(10),richard,responder(10),e(offernum(r#richard))
int4729,ultimategame,richard,responder(10),peter,proposer(10),e(acceptornot(accept#r))
int7759,ultimategame,peter,proposer(10),richard,responder(10),e(offernum(w#richard))
int7759,ultimategame,richard,responder(10),peter,proposer(10),e(acceptornot(reject#w))
int4688,trustgame_simple,ellen,investor(10#3),ted,trustee(3),e(invest(5#ted))
int4688,trustgame_simple,ted,trustee(3),ellen,investor(10#3),e(repay(13#ellen))
int3084,trustgame_simple,ellen,investor(10#3),ted,trustee(3),e(invest(1#ted))
int3084,trustgame_simple,ted,trustee(3),ellen,investor(10#3),e(repay(2#ellen))
int0399,ultimategame,peter,proposer(10),richard,responder(10),e(offernum(2#richard))
int0399,ultimategame,richard,responder(10),peter,proposer(10),e(acceptornot(reject#2))
int1667,trustgame_simple,ellen,investor(10#3),ted,trustee(3),e(invest(8#ted))
int9128,trustgame_simple,ellen,investor(10#3),ted,trustee(3),e(invest(6#ted))
int9128,trustgame_simple,ted,trustee(3),ellen,investor(10#3),e(repay(2#ellen))
int1425,trustgame_simple,ellen,investor(10#3),ted,trustee(3),e(invest(6#ted))
int1425,trustgame_simple,ted,trustee(3),ellen,investor(10#3),e(repay(10#ellen))
int1782,ultimategame,peter,proposer(10),richard,responder(10),e(offernum(d#richard))
int1782,ultimategame,richard,responder(10),peter,proposer(10),e(acceptornot(accept#d))
int5836,ultimategame,peter,proposer(10),richard,responder(10),e(offernum(1#richard))
int5836,ultimategame,richard,responder(10),peter,proposer(10),e(acceptornot(accept#1))
int8760,ultimategame,peter,proposer(10),richard,responder(10),e(offernum(2#richard))
int8760,ultimategame,richard,responder(10),peter,proposer(10),e(acceptornot(reject#2))
int2386,ultimategame,peter,proposer(10),richard,responder(10),e(offernum(1#richard))
int2386,ultimategame,richard,responder(10),peter,proposer(10),e(acceptornot(reject#1))
int6579,ultimategame,peter,proposer(10),richard,responder(10),e(offernum(4#richard))
int6579,ultimategame,richard,responder(10),peter,proposer(10),e(acceptornot(accept#4))
int7685,ultimategame,peter,proposer(10),richard,responder(10),e(offernum(1#richard))
int7685,ultimategame,richard,responder(10),peter,proposer(10),e(acceptornot(reject#1))
int5185,ultimategame,peter,proposer(10),richard,responder(10),e(offernum(1#richard))
int5185,ultimategame,richard,responder(10),peter,proposer(10),e(acceptornot(reject#1))
int5428,ultimategame,peter,proposer(10),richard,responder(10),e(offernum(3#richard))
int5428,ultimategame,richard,responder(10),peter,proposer(10),e(acceptornot(accept#3))
int4994,ultimategame,peter,proposer(10),richard,responder(10),e(offernum(7#richard))
int4994,ultimategame,richard,responder(10),peter,proposer(10),e(acceptornot(reject#7))
int9647,ultimategame,peter,proposer(10),richard,responder(10),e(offernum(6#richard))
int9647,ultimategame,richard,responder(10),peter,proposer(10),e(acceptornot(accept#6))
int4236,ultimategame,peter,proposer(10),richard,responder(10),e(offernum(1#richard))
int4236,ultimategame,richard,responder(10),peter,proposer(10),e(acceptornot(reject#1))
int5312,ultimategame,peter,proposer(10),richard,responder(10),e(offernum(1#richard))
int5312,ultimategame,richard,responder(10),peter,proposer(10),e(acceptornot(accept#1))
int2169,ultimategame,peter,proposer(10),richard,responder(10),e(offernum(1#richard))
int2169,ultimategame,richard,responder(10),peter,proposer(10),e(acceptornot(reject#1))
int3176,ultimategame,peter,proposer(10),richard,responder(10),e(offernum(1#richard))
int3176,ultimategame,richard,responder(10),peter,proposer(10),e(acceptornot(accept#1))
int7874,ultimategame,peter,proposer(10),richard,responder(10),e(offernum(3#richard))
int7874,ultimategame,richard,responder(10),peter,proposer(10),e(acceptornot(accept#3))
int8404,ultimategame,peter,proposer(10),richard,responder(10),e(offernum(3#richard))
int8404,ultimategame,richard,responder(10),peter,proposer(10),e(acceptornot(accept#3))
int1683,ultimategame,peter,proposer(10),richard,responder(10),e(offernum(2#richard))
int1683,ultimategame,richard,responder(10),peter,proposer(10),e(acceptornot(accept#2))
int4920,ultimategame,peter,proposer(10),richard,responder(10),e(offernum(5#richard))
int4920,ultimategame,richard,responder(10),peter,proposer(10),e(acceptornot(accept#5))
int3414,ultimategame,peter,proposer(10),richard,responder(10),e(offernum(4#richard))
int3414,ultimategame,richard,responder(10),peter,proposer(10),e(acceptornot(accept#4))
int6912,ultimategame,peter,proposer(10),richard,responder(10),e(offernum(5#richard))
int6912,ultimategame,richard,responder(10),peter,proposer(10),e(acceptornot(accept#5))
int7634,ultimategame,peter,proposer(10),richard,responder(10),e(offernum(5#richard))
int7634,ultimategame,richard,responder(10),peter,proposer(10),e(acceptornot(accept#5))
int1968,ultimategame,peter,proposer(10),richard,responder(10),e(offernum(1#richard))
int1968,ultimategame,richard,responder(10),peter,proposer(10),e(acceptornot(reject#1))
int5748,ultimategame,peter,proposer(10),richard,responder(10),e(offernum(5#richard))
int5748,ultimategame,richard,responder(10),peter,proposer(10),e(acceptornot(accept#5))
int0442,ultimategame,peter,proposer(10),richard,responder(10),e(offernum(2#richard))
int0442,ultimategame,richard,responder(10),peter,proposer(10),e(acceptornot(reject#2))
int7394,ultimategame,peter,proposer(10),richard,responder(10),e(offernum(3#richard))
int6183,ultimategame,peter,proposer(10),richard,responder(10),e(offernum(3#richard))
int6183,ultimategame,richard,responder(10),peter,proposer(10),e(acceptornot(reject#3))
int7394,ultimategame,richard,responder(10),peter,proposer(10),e(acceptornot(reject#3))
int9364,ultimategame,peter,proposer(10),richard,responder(10),e(offernum(9#richard))
int9364,ultimategame,richard,responder(10),peter,proposer(10),e(acceptornot(accept#9))
int1416,ultimategame,peter,proposer(10),richard,responder(10),e(offernum(4#richard))
int1416,ultimategame,richard,responder(10),peter,proposer(10),e(acceptornot(reject#4))
int6572,ultimategame,peter,proposer(10),richard,responder(10),e(offernum(3#richard))
int6572,ultimategame,richard,responder(10),peter,proposer(10),e(acceptornot(reject#3))
int4885,ultimategame,peter,proposer(10),richard,responder(10),e(offernum(6#richard))
int4885,ultimategame,richard,responder(10),peter,proposer(10),e(acceptornot(accept#6))
int5275,ultimategame,peter,proposer(10),richard,responder(10),e(offernum(7#richard))
int5275,ultimategame,richard,responder(10),peter,proposer(10),e(acceptornot(accept#7))
int6074,ultimategame,peter,proposer(10),richard,responder(10),e(offernum(3#richard))
int6074,ultimategame,richard,responder(10),peter,proposer(10),e(acceptornot(accept#3))
int9919,ultimategame,peter,proposer(10),richard,responder(10),e(offernum(2#richard))
int9919,ultimategame,richard,responder(10),peter,proposer(10),e(acceptornot(accept#2))
int2967,ultimategame,peter,proposer(10),richard,responder(10),e(offernum(r#richard))
int2967,ultimategame,richard,responder(10),peter,proposer(10),e(acceptornot(accept#r))
int7083,ultimategame,peter,proposer(10),richard,responder(10),e(offernum(1#richard))
int7083,ultimategame,richard,responder(10),peter,proposer(10),e(acceptornot(reject#1))
